{
  "HTTP Request (GET)" : {
    "transaction" : "HTTP Request (GET)",
    "sampleCount" : 200,
    "errorCount" : 0,
    "errorPct" : 0.0,
    "meanResTime" : 907.9300000000002,
    "medianResTime" : 420.0,
    "minResTime" : 124.0,
    "maxResTime" : 16950.0,
    "pct1ResTime" : 1617.9,
    "pct2ResTime" : 2447.1499999999996,
    "pct3ResTime" : 15330.350000000082,
    "throughput" : 11.279679657097738,
    "receivedKBytesPerSec" : 43.8968451264734,
    "sentKBytesPerSec" : 2.5775830466414753
  },
  "Total" : {
    "transaction" : "Total",
    "sampleCount" : 600,
    "errorCount" : 0,
    "errorPct" : 0.0,
    "meanResTime" : 605.1983333333329,
    "medianResTime" : 204.0,
    "minResTime" : 59.0,
    "maxResTime" : 16950.0,
    "pct1ResTime" : 1324.3999999999992,
    "pct2ResTime" : 1630.349999999999,
    "pct3ResTime" : 5726.4000000000015,
    "throughput" : 33.83903897129321,
    "receivedKBytesPerSec" : 87.7936902529468,
    "sentKBytesPerSec" : 5.155166093282951
  },
  "HTTP Request (GET)-1" : {
    "transaction" : "HTTP Request (GET)-1",
    "sampleCount" : 200,
    "errorCount" : 0,
    "errorPct" : 0.0,
    "meanResTime" : 453.10499999999985,
    "medianResTime" : 210.0,
    "minResTime" : 60.0,
    "maxResTime" : 5568.0,
    "pct1ResTime" : 1217.8,
    "pct2ResTime" : 1235.6999999999998,
    "pct3ResTime" : 5310.580000000009,
    "throughput" : 11.374623215605983,
    "receivedKBytesPerSec" : 36.9017103701018,
    "sentKBytesPerSec" : 1.321855627594836
  },
  "HTTP Request (GET)-0" : {
    "transaction" : "HTTP Request (GET)-0",
    "sampleCount" : 200,
    "errorCount" : 0,
    "errorPct" : 0.0,
    "meanResTime" : 454.56,
    "medianResTime" : 127.0,
    "minResTime" : 59.0,
    "maxResTime" : 15467.0,
    "pct1ResTime" : 1129.6,
    "pct2ResTime" : 1146.6999999999998,
    "pct3ResTime" : 15065.05000000009,
    "throughput" : 11.326952483434331,
    "receivedKBytesPerSec" : 7.333759273942346,
    "sentKBytesPerSec" : 1.2720698589794415
  }
}